Date,Stock,Open,High,Low,Close,Volume,Daily Range,Intraday Change
01-01-2020,AMZN,154.03,1445.73,390.52,1218.85,263105,1055.21,1064.82
01-01-2020,TSLA,280.57,707.33,122.56,1342.56,805346,584.77,1061.99
01-01-2020,TSLA,755.85,602.56,139.43,1384.43,791245,463.13,628.58
01-01-2020,GOOGL,937.63,854.72,759.59,554.94,2497,95.13,-382.69
01-01-2020,MSFT,143.36,1215.48,356.52,962.42,132614,858.96,819.06
01-01-2020,MSFT,484.85,1279.4,919.06,789.26,452286,360.34,304.41
01-01-2020,GOOGL,822.75,854.73,399.63,1125.06,45453,455.1,302.31
01-01-2020,AMZN,1124.39,714.23,539.34,742.5,736615,174.89,-381.89
01-01-2020,MSFT,714.14,1133.97,346.97,249.14,864199,787,-465
01-01-2020,AMZN,734.57,1292.01,1256.05,247.65,849221,35.96,-486.92
01-01-2020,AMZN,1209.07,1092.04,739.84,723.43,481331,352.2,-485.64
01-01-2020,AMZN,419.8,1319.29,905.52,264.43,897886,413.77,-155.37
01-01-2020,MSFT,540.78,863.35,639.62,1220.92,227595,223.73,680.14
01-01-2020,MSFT,482.42,970.6,402.38,245.95,520545,568.22,-236.47
01-01-2020,AAPL,737.46,1115.97,496.02,953.04,885604,619.95,215.58
01-01-2020,GOOGL,1371.81,1068.84,148.29,1098.71,92836,920.55,-273.1
01-01-2020,AMZN,246.27,1250.16,253.91,764.23,888389,996.25,517.96
01-01-2020,AMZN,1062.2,663.39,466.9,1029.15,587315,196.49,-33.05
01-01-2020,GOOGL,1391.6,1103.41,1078.88,406.53,401472,24.53,-985.07
01-01-2020,AAPL,895.86,1326.83,583.17,672.08,556829,743.66,-223.78
01-01-2020,AMZN,1070.91,909.92,547.93,1264.62,241789,361.99,193.71
01-01-2020,AMZN,1275.17,1029.17,611.83,706.55,897312,417.34,-568.62
01-01-2020,AMZN,727.44,1487.07,1037.32,624.56,628698,449.75,-102.88
01-01-2020,TSLA,991.37,1252.83,1076.31,957.78,216139,176.52,-33.59
01-01-2020,AMZN,1181.14,1326.6,503.65,1195.2,462827,822.95,14.06
01-01-2020,GOOGL,762.5,836.1,737.23,656.42,261507,98.87,-106.08
01-01-2020,AMZN,964.82,1345.01,1146.18,344.46,597557,198.83,-620.36
01-01-2020,AMZN,797.02,766.37,722.22,476.59,11152,44.15,-320.43
01-01-2020,GOOGL,1221.89,1101.32,601.88,640.9,647662,499.44,-580.99
01-01-2020,GOOGL,674.71,1439.95,772.72,344.84,815028,667.23,-329.87
01-01-2020,GOOGL,668.51,1341.71,1223.14,743.43,222783,118.57,74.92
01-01-2020,GOOGL,1256.7,734.23,440.8,973.81,778395,293.43,-282.89
01-01-2020,AMZN,418.69,1180.3,554.71,452.64,95217,625.59,33.95
01-01-2020,AMZN,834.21,1280.26,594.14,400.49,585054,686.12,-433.72
01-01-2020,GOOGL,443.88,1080.71,778.06,272.61,817237,302.65,-171.27
01-01-2020,TSLA,252.99,454.32,114.24,413.66,979044,340.08,160.67
01-01-2020,GOOGL,1212.14,1233.41,1076.48,905.74,278935,156.93,-306.4
01-01-2020,AAPL,238.56,1430.45,645.11,1300.08,449206,785.34,1061.52
01-01-2020,AMZN,1297.15,1081.49,949.37,1264.67,530035,132.12,-32.48
01-01-2020,AMZN,585.06,1131.84,773.16,160.76,785486,358.68,-424.3
01-01-2020,AAPL,1471.63,865.96,132.4,1358.73,905261,733.56,-112.9
01-01-2020,TSLA,475.59,1334.31,1096.99,179.45,974684,237.32,-296.14
01-01-2020,TSLA,157.37,728.5,673.78,682.79,294780,54.72,525.42
01-01-2020,AAPL,731.38,1282.38,1045.31,425.85,578759,237.07,-305.53
01-01-2020,AAPL,241.05,1043.57,114.33,823.36,146631,929.24,582.31
01-01-2020,AAPL,1090.53,1288.96,499.47,1340.34,150210,789.49,249.81
01-01-2020,MSFT,294.11,1408.12,1119.87,777.75,558898,288.25,483.64
01-01-2020,MSFT,345.94,1233.51,764.63,1032.1,997899,468.88,686.16
01-01-2020,MSFT,1444.37,1252.49,445.78,683.46,676158,806.71,-760.91
01-01-2020,AAPL,1070.44,1092.19,912.33,158.72,582398,179.86,-911.72
01-01-2020,TSLA,656.69,1034.36,563.5,493.38,19687,470.86,-163.31
01-01-2020,GOOGL,570.84,1344.72,944.23,168.72,388738,400.49,-402.12
01-01-2020,AAPL,772.91,678.92,231.91,1403.91,751587,447.01,631
01-01-2020,AMZN,459.97,1348.84,271.71,1430.81,227345,1077.13,970.84
01-01-2020,GOOGL,1428.12,1316.86,863.92,754.52,178539,452.94,-673.6
01-01-2020,AAPL,337.66,1497.07,416.77,210.05,833540,1080.3,-127.61
01-01-2020,MSFT,120.8,1151.67,160.05,223.48,529359,991.62,102.68
01-01-2020,AMZN,773.58,383.74,238.11,233.12,781848,145.63,-540.46
01-01-2020,MSFT,566.71,1034.54,829.39,1292.07,855342,205.15,725.36
01-01-2020,MSFT,728.77,1009.63,924.52,505.19,229170,85.11,-223.58
01-01-2020,AAPL,898.93,1361.69,1121.84,1050.14,866333,239.85,151.21
01-01-2020,MSFT,709.82,1263.11,462.97,812.49,694737,800.14,102.67
01-01-2020,TSLA,680.79,1413.85,1278.46,411.26,847240,135.39,-269.53
01-01-2020,AAPL,1060.23,1316.17,798.66,196.59,906055,517.51,-863.64
01-01-2020,GOOGL,449.94,1284.35,834.79,831.97,182607,449.56,382.03
01-01-2020,MSFT,953.34,950.47,197.25,419.75,12812,753.22,-533.59
01-01-2020,AAPL,919.27,632.62,556.56,1024.26,381108,76.06,104.99
01-01-2020,AMZN,539.3,559.48,420.64,1100.99,22558,138.84,561.69
01-01-2020,MSFT,399.32,1054.42,498.08,1324.42,134342,556.34,925.1
01-01-2020,AAPL,247.72,1376.48,1014.54,985.07,863315,361.94,737.35
01-01-2020,AMZN,1056.3,1255.61,394.56,1441.89,695989,861.05,385.59
01-01-2020,AMZN,1430.85,642.9,255.14,1414.31,509505,387.76,-16.54
01-01-2020,TSLA,1307.75,1459.55,194.38,871.68,856045,1265.17,-436.07
01-01-2020,AMZN,720.65,903.48,392,1307.05,624098,511.48,586.4
01-01-2020,MSFT,1466.51,593.93,270.76,938.88,59538,323.17,-527.63
01-01-2020,MSFT,845.23,865.85,318.3,723.14,255826,547.55,-122.09
01-01-2020,GOOGL,367.47,1431.18,410.91,1468.43,593627,1020.27,1100.96
01-01-2020,AMZN,1483.57,912.27,848.8,587.07,148164,63.47,-896.5
01-01-2020,AMZN,1221.64,631.48,243.86,108.85,971444,387.62,-1112.79
01-01-2020,AMZN,946.13,971.87,968.86,1042.87,620005,3.01,96.74
01-01-2020,AMZN,1139.23,684.86,425.2,228.59,494181,259.66,-910.64
01-01-2020,AAPL,1178.58,323.24,142.6,570.02,169393,180.64,-608.56
01-01-2020,TSLA,1123.54,693.48,475.58,1199.73,622366,217.9,76.19
01-01-2020,MSFT,340.39,1113.87,1054.91,572.55,430583,58.96,232.16
01-01-2020,MSFT,841.77,1241.86,1031.39,1244.9,873311,210.47,403.13
01-01-2020,AAPL,505.98,1320.68,696.62,933.11,476521,624.06,427.13
01-01-2020,TSLA,980.47,1461.68,1283.07,112.07,146983,178.61,-868.4
01-01-2020,AAPL,265.11,1168.55,1099.14,196.22,570596,69.41,-68.89
01-01-2020,MSFT,1016.92,951.77,496.46,1153.7,198642,455.31,136.78
01-01-2020,MSFT,277.71,1061.32,109.23,304.16,117227,952.09,26.45
01-01-2020,AAPL,1407.06,1492.93,1230.67,320.25,899690,262.26,-1086.81
01-01-2020,AMZN,1314.3,754.3,271.96,1216.85,559862,482.34,-97.45
01-01-2020,AAPL,427.05,1113.15,813.94,1260.62,654671,299.21,833.57
01-01-2020,AAPL,1189.72,793.13,570.72,884,832555,222.41,-305.72
01-01-2020,GOOGL,952,704.71,578.92,513.18,28050,125.79,-438.82
01-01-2020,MSFT,188.95,1148.28,355.26,104.6,348751,793.02,-84.35
01-01-2020,AAPL,654.75,1323.98,959.05,730.45,65577,364.93,75.7
01-01-2020,TSLA,1449.34,1336.04,430.8,1319.33,38558,905.24,-130.01
01-01-2020,AAPL,854.57,418.78,247.77,573.53,637076,171.01,-281.04
01-01-2020,AAPL,503.03,1354.27,170.24,1117.17,870152,1184.03,614.14
01-01-2020,MSFT,268.38,578.17,132.03,1020.74,756733,446.14,752.36
01-01-2020,GOOGL,1002.8,1117.46,697.42,1184.87,12467,420.04,182.07
01-01-2020,GOOGL,623.51,526.57,359.76,257.54,357506,166.81,-365.97
01-01-2020,TSLA,131.08,623.06,280.98,1487.36,618257,342.08,1356.28
01-01-2020,MSFT,549.31,981.38,138.66,848.32,121935,842.72,299.01
01-01-2020,TSLA,847.91,1127.23,531.12,1119.35,326909,596.11,271.44
01-01-2020,AMZN,1253.32,1355.98,729.96,111.76,82544,626.02,-1141.56
01-01-2020,GOOGL,244.41,705.59,497.98,243.31,644790,207.61,-1.1
01-01-2020,MSFT,353.75,705.03,285.32,1372.47,29728,419.71,1018.72
01-01-2020,AAPL,1096.81,1099.45,245.89,785.53,369978,853.56,-311.28
01-01-2020,AMZN,663.21,542.1,431.91,651.35,599289,110.19,-11.86
01-01-2020,GOOGL,1196.61,1191.78,292.91,1291.09,892787,898.87,94.48
01-01-2020,MSFT,1447.9,1039.2,799.2,1398.07,877199,240,-49.83
01-01-2020,AAPL,688.88,1236.54,490.3,1189.14,912204,746.24,500.26
01-01-2020,AMZN,773.32,1196.53,487,909.52,971412,709.53,136.2
01-01-2020,TSLA,608.46,715.53,306.97,1191.23,795496,408.56,582.77
01-01-2020,MSFT,173.18,1477.04,963.42,411.98,319049,513.62,238.8
01-01-2020,MSFT,372.71,509.94,186.54,232.32,514912,323.4,-140.39
01-01-2020,AMZN,1242.45,1070.99,547.88,247.11,848189,523.11,-995.34
01-01-2020,MSFT,1223.59,1394.64,299.32,291.06,231659,1095.32,-932.53
01-01-2020,MSFT,993.33,1334.14,428.99,898.15,330901,905.15,-95.18
01-01-2020,AMZN,503.41,1381.39,1037.58,923.62,928443,343.81,420.21
01-01-2020,AAPL,1122.72,628.2,427.15,976.93,555760,201.05,-145.79
01-01-2020,AAPL,156.46,1024.26,362.75,1479.82,106425,661.51,1323.36
01-01-2020,GOOGL,232.68,561.9,115.7,143.39,709024,446.2,-89.29
01-01-2020,AAPL,109.5,1328.02,676.75,1085.8,7415,651.27,976.3
01-01-2020,AAPL,1494.12,391.88,278.84,640.19,580208,113.04,-853.93
01-01-2020,AAPL,504.33,500.52,386.09,955.83,364090,114.43,451.5
01-01-2020,MSFT,1410.58,1157.85,956.59,1112.92,526428,201.26,-297.66
01-01-2020,GOOGL,610.75,1379.49,928.7,357.02,646124,450.79,-253.73
01-01-2020,AAPL,1322.75,615.2,234.68,1388.98,766660,380.52,66.23
01-01-2020,AMZN,652.99,1038.85,768.73,296.25,801685,270.12,-356.74
01-01-2020,AAPL,390.2,436.45,223.82,1443.22,720346,212.63,1053.02
01-01-2020,GOOGL,628.92,904.59,826.95,306.32,531033,77.64,-322.6
01-01-2020,AAPL,543.36,884.9,513.91,709.13,379617,370.99,165.77
01-01-2020,AMZN,1048.23,1176.22,855.88,572.44,180500,320.34,-475.79
01-01-2020,TSLA,505.42,1160.94,903.35,643.87,860560,257.59,138.45
01-01-2020,TSLA,908.08,1038.96,908.46,1154.4,744411,130.5,246.32
01-01-2020,AAPL,367.8,1346.9,645.65,1456.16,495619,701.25,1088.36
01-01-2020,AAPL,670.37,971.61,822.9,359.67,849821,148.71,-310.7
01-01-2020,MSFT,1411.73,1486.28,115.3,860.57,20999,1370.98,-551.16
01-01-2020,MSFT,628.15,1247.12,1205.37,728.78,723136,41.75,100.63
01-01-2020,AAPL,277.85,900.63,471.89,1484.84,598755,428.74,1206.99
01-01-2020,AMZN,181.95,1110.06,115.1,771.63,46085,994.96,589.68
01-01-2020,MSFT,527.58,870.47,316.76,975.76,114919,553.71,448.18
01-01-2020,AMZN,1165.06,357.48,252.35,886.78,805360,105.13,-278.28
01-01-2020,AAPL,880.93,902.64,534.48,1008.47,511274,368.16,127.54
01-01-2020,MSFT,631.25,1064.04,152.7,609.57,418700,911.34,-21.68
01-01-2020,TSLA,887.96,959.02,399.24,1230.79,649347,559.78,342.83
01-01-2020,GOOGL,1126.76,1082.46,701.8,952.1,224897,380.66,-174.66
01-01-2020,TSLA,369.61,1039.87,186.8,931.95,306556,853.07,562.34
01-01-2020,AAPL,236.67,1264.41,658.25,1003.69,906828,606.16,767.02
01-01-2020,AMZN,1356.91,1293.67,523.53,1089.36,892913,770.14,-267.55
01-01-2020,AAPL,603.36,1127.5,923.96,1421.8,967936,203.54,818.44
01-01-2020,TSLA,276.12,1183.57,982.98,675.18,666267,200.59,399.06
01-01-2020,AMZN,925.06,1198.55,322.44,1304.63,534593,876.11,379.57
01-01-2020,AAPL,732.62,926.02,856.71,902.68,732075,69.31,170.06
01-01-2020,AMZN,1215.73,1137.52,745.49,554.53,783820,392.03,-661.2
01-01-2020,TSLA,867.23,1103.44,231.56,166.22,839654,871.88,-701.01
01-01-2020,MSFT,1209.78,332.91,263.16,403.62,863999,69.75,-806.16
01-01-2020,AAPL,1048.28,601.76,203.84,224.31,959295,397.92,-823.97
01-01-2020,MSFT,1216.92,396.26,316.12,796.93,319539,80.14,-419.99
01-01-2020,AAPL,1390.04,341.06,334.89,680.91,547756,6.17,-709.13
01-01-2020,AMZN,114.94,1039.86,733.82,955.72,467256,306.04,840.78
01-01-2020,AMZN,971.84,748.76,276.12,512.16,717005,472.64,-459.68
01-01-2020,TSLA,677.98,1263.47,400.71,890.25,985969,862.76,212.27
01-01-2020,AAPL,959.19,1172.21,737.02,1434.14,273781,435.19,474.95
01-01-2020,TSLA,1210.95,528.06,333.1,1474.05,509617,194.96,263.1
01-01-2020,TSLA,219.84,671.79,557.42,423.63,372484,114.37,203.79
01-01-2020,AAPL,356.84,522.24,198.44,1353.83,294275,323.8,996.99
01-01-2020,MSFT,130.78,1415.21,378.25,155.66,390748,1036.96,24.88
01-01-2020,AAPL,119.53,1202.97,589.37,527.39,93868,613.6,407.86
01-01-2020,AMZN,1019.97,1021.7,764.16,1044.46,385615,257.54,24.49
01-01-2020,TSLA,611.13,819.96,507.77,1378.98,334997,312.19,767.85
01-01-2020,GOOGL,251.15,680.14,439.1,1463.76,982512,241.04,1212.61
01-01-2020,GOOGL,924.51,1195.12,373.21,1391.99,772076,821.91,467.48
01-01-2020,GOOGL,828.92,1059.06,995.78,215.88,627510,63.28,-613.04
01-01-2020,MSFT,1139.08,1040.15,232.2,572.2,604976,807.95,-566.88
01-01-2020,GOOGL,137.03,1107.27,1008.75,154.76,783362,98.52,17.73
01-01-2020,GOOGL,569.78,1433.62,725.18,286.15,162645,708.44,-283.63
01-01-2020,GOOGL,1466.43,469.75,403.96,1410.7,461462,65.79,-55.73
01-01-2020,AAPL,922.91,1299.38,228.18,1269.9,46433,1071.2,346.99
01-01-2020,GOOGL,125.14,1463.98,243.55,331.99,616559,1220.43,206.85
01-01-2020,GOOGL,204.31,1260.11,1252.01,1337.84,688082,8.1,1133.53
01-01-2020,GOOGL,1457.22,1390.52,935.52,169.96,453458,455,-1287.26
01-01-2020,AAPL,1070.49,730.96,488,875.76,436614,242.96,-194.73
01-01-2020,GOOGL,1179.85,1268.4,872.86,584.5,415376,395.54,-595.35
01-01-2020,AAPL,1278.02,1023.27,437.3,1100.48,460753,585.97,-177.54
01-01-2020,TSLA,1002.19,1440.65,636.01,858.13,545925,804.64,-144.06
01-01-2020,AMZN,139.67,306.9,303.02,1301.2,122229,3.88,1161.53
01-01-2020,AAPL,1259.94,1143.8,572.72,758.57,599828,571.08,-501.37
01-01-2020,GOOGL,400.8,1318.46,427.03,737.67,880554,891.43,336.87
01-01-2020,AAPL,350.08,805.7,674.03,1231.66,520091,131.67,881.58
01-01-2020,GOOGL,572.85,1118.29,137.67,890.55,80171,980.62,317.7
01-01-2020,GOOGL,767.46,608.74,125.23,414.6,510390,483.51,-352.86
01-01-2020,AAPL,478.94,1302.71,933.04,281.29,815154,369.67,-197.65
01-01-2020,MSFT,654.04,1408.45,1149.67,264.65,821950,258.78,-389.39
01-01-2020,AMZN,518.14,1215.24,699.45,189.12,171725,515.79,-329.02
01-01-2020,AAPL,1145.44,1498.52,823.96,845.66,175045,674.56,-299.78
01-01-2020,TSLA,1300.87,1072.9,447.85,127.82,756899,625.05,-1173.05
01-01-2020,TSLA,388.5,1191.67,632.15,1261.94,941128,559.52,873.44
01-01-2020,AMZN,717.72,434.65,190.26,1058.95,30036,244.39,341.23
01-01-2020,AMZN,1364.34,340.54,245.36,578.34,380056,95.18,-786
01-01-2020,GOOGL,750.42,1050.41,287.51,1382.42,628316,762.9,632
01-01-2020,AAPL,704.53,704.86,361.25,1316.47,320760,343.61,611.94
01-01-2020,MSFT,1200.13,643.77,277.97,1086.1,164142,365.8,-114.03
01-01-2020,AMZN,747.44,1443.98,923.43,511.35,40310,520.55,-236.09
01-01-2020,GOOGL,1417.35,1175.33,808.93,1434.14,518682,366.4,16.79
01-01-2020,TSLA,747.67,637.86,527.29,437.05,282352,110.57,-310.62
01-01-2020,GOOGL,1199.1,861.62,663.32,784.83,931879,198.3,-414.27
01-01-2020,TSLA,1250.21,958.18,129.91,198.08,823718,828.27,-1052.13
01-01-2020,AMZN,351.72,1234.18,692.4,901.88,414620,541.78,550.16
01-01-2020,GOOGL,1154.18,1296.2,658.17,1472.92,415556,638.03,318.74
01-01-2020,GOOGL,1235.63,1151.53,469.02,961.86,549649,682.51,-273.77
01-01-2020,GOOGL,755,1438.96,122.77,799.78,765640,1316.19,44.78
01-01-2020,TSLA,168.98,1344.53,1015.65,929.79,409645,328.88,760.81
01-01-2020,AAPL,1293.41,1181.12,845.81,816.81,595431,335.31,-476.6
01-01-2020,TSLA,867.76,1397.16,384.95,602.81,295911,1012.21,-264.95
01-01-2020,TSLA,544.16,978.86,385.88,201.75,792074,592.98,-342.41
01-01-2020,AMZN,843.2,805.46,368.59,511.2,501267,436.87,-332
01-01-2020,TSLA,823.97,551.97,108.28,481.29,458589,443.69,-342.68
01-01-2020,AMZN,726.27,1418.37,810.98,1400.26,741091,607.39,673.99
01-01-2020,AMZN,965.68,567.53,186.63,1212.61,987155,380.9,246.93
01-01-2020,GOOGL,258.34,1275.8,736.21,320.94,683485,539.59,62.6
01-01-2020,GOOGL,318.86,1006.86,502.58,349.65,484237,504.28,30.79
01-01-2020,TSLA,711.85,1094.24,484.39,738.61,629136,609.85,26.76
01-01-2020,AMZN,655.65,990.4,411.33,427.74,505728,579.07,-227.91
01-01-2020,AAPL,1140.96,1424.67,565.54,1364.24,834584,859.13,223.28
01-01-2020,GOOGL,643.39,1484.65,532.29,936.18,393449,952.36,292.79
01-01-2020,AMZN,905.7,1027.32,904.31,1125.59,682730,123.01,219.89
01-01-2020,GOOGL,1028.07,1446.06,723.26,552.06,305597,722.8,-476.01
01-01-2020,AAPL,788.12,1166.85,398.1,382.12,118284,768.75,-406
01-01-2020,AMZN,933.06,1130.73,575.1,717.3,374553,555.63,-215.76
01-01-2020,GOOGL,226.27,1125.1,418.58,118.3,868234,706.52,-107.97
01-01-2020,AMZN,225.48,1439.32,106.52,503.69,216657,1332.8,278.21
01-01-2020,AMZN,1101.93,740.85,514.39,624.32,702713,226.46,-477.61
01-01-2020,AMZN,1203.42,260.63,220.92,188.11,958552,39.71,-1015.31
01-01-2020,GOOGL,1085.75,944.6,221.78,154.95,913381,722.82,-930.8
01-01-2020,AAPL,1301.72,1257.77,303.03,673.14,110263,954.74,-628.58
01-01-2020,TSLA,798.65,1217.13,713.63,140.97,12254,503.5,-657.68
01-01-2020,MSFT,1404.15,900.03,888.66,1188.77,490712,11.37,-215.38
01-01-2020,MSFT,916.67,1480.54,512.13,187.92,60480,968.41,-728.75
01-01-2020,TSLA,853.74,925.22,523.53,1273.82,451230,401.69,420.08
01-01-2020,AAPL,438.11,1277.7,158.74,886.08,303935,1118.96,447.97
01-01-2020,GOOGL,813.61,584.25,428.4,470.84,513244,155.85,-342.77
01-01-2020,TSLA,1472.91,1454.03,256.18,107.47,843298,1197.85,-1365.44
01-01-2020,AMZN,733.06,1477.37,1070.7,1011.66,155223,406.67,278.6
01-01-2020,GOOGL,286.92,1313.03,481.63,119.44,668300,831.4,-167.48
01-01-2020,TSLA,167.14,1373.37,738.45,969.9,876807,634.92,802.76
01-01-2020,GOOGL,898.96,1263.41,310.03,321.35,320698,953.38,-577.61
01-01-2020,MSFT,1164.99,1092.4,507.65,703.5,755197,584.75,-461.49
01-01-2020,AAPL,309.81,1447.9,912.13,1450.07,731028,535.77,1140.26
01-01-2020,GOOGL,419.29,936.36,587.06,589.78,764121,349.3,170.49
01-01-2020,GOOGL,116.14,1061.21,755.2,273.71,82931,306.01,157.57
01-01-2020,MSFT,263.63,937.9,557.52,1416.4,194305,380.38,1152.77
01-01-2020,TSLA,378.72,1417.05,330.54,301.08,527012,1086.51,-77.64
01-01-2020,GOOGL,922.78,1150.69,459.69,933.75,560239,691,10.97
01-01-2020,TSLA,1446.1,1135.71,902.66,1068.31,899895,233.05,-377.79
01-01-2020,AAPL,730.13,617.45,244.59,1196.29,981929,372.86,466.16
01-01-2020,TSLA,130.99,949.45,744.25,803.22,648340,205.2,672.23
01-01-2020,TSLA,996.99,733.85,686.71,1208.3,114344,47.14,211.31
01-01-2020,AAPL,679.5,1189.18,940.29,135.67,867820,248.89,-543.83
01-01-2020,TSLA,1015.63,1466.98,1038.27,478.73,506236,428.71,-536.9
01-01-2020,AMZN,261.02,882.61,322.43,589.35,765646,560.18,328.33
01-01-2020,AAPL,1072.75,1029.2,921.11,1001.48,929026,108.09,-71.27
01-01-2020,AAPL,1422.98,1319.58,740.64,1236.24,529618,578.94,-186.74
01-01-2020,AAPL,999.97,415.51,220.43,901.29,213145,195.08,-98.68
01-01-2020,AAPL,634.77,1025.89,142.6,549.5,807744,883.29,-85.27
01-01-2020,AMZN,561.96,799.15,563.49,1016.63,147933,235.66,454.67
01-01-2020,TSLA,1362.08,1228.03,667.99,486.44,296367,560.04,-875.64
01-01-2020,MSFT,478.54,963.88,221.27,959.75,389993,742.61,481.21
01-01-2020,MSFT,1224.96,289.53,104.99,1420.41,475837,184.54,195.45
01-01-2020,AMZN,453.73,1234.57,404.92,1218.76,650086,829.65,765.03
01-01-2020,AMZN,711.49,895.7,696.51,860.19,641358,199.19,148.7
01-01-2020,MSFT,121.37,439.77,251.1,948.22,27564,188.67,826.85
01-01-2020,AMZN,408.18,824.45,811.93,1262.72,656917,12.52,854.54
01-01-2020,AAPL,494.71,1280.71,1122.11,820.27,144821,158.6,325.56
01-01-2020,MSFT,1322.56,1367.49,740.44,1392.45,416714,627.05,69.89
01-01-2020,GOOGL,1086.88,906.66,346.29,1277.72,332670,560.37,190.84
01-01-2020,TSLA,219.28,892.67,750.82,377.71,608376,141.85,158.43
01-01-2020,AMZN,1438.71,906.27,198.73,900.24,666151,707.54,-538.47
01-01-2020,AAPL,104.23,655.59,190.93,371.34,664708,464.66,267.11
01-01-2020,AMZN,447.11,1486.97,1451.36,422.02,880923,35.61,-25.09
01-01-2020,MSFT,1398.91,1334.65,312.53,1162.36,726885,1022.12,-236.55
01-01-2020,TSLA,1404.99,1149.42,512.25,1122.44,55109,637.17,-282.55
01-01-2020,TSLA,1172.07,746.88,673.55,1406.1,690058,73.33,234.03
01-01-2020,AAPL,228.08,358.86,354.05,531.57,327780,4.81,303.49
01-01-2020,TSLA,424.22,1183.55,896.53,1032.42,878668,287.02,608.2
01-01-2020,GOOGL,353.71,735.25,733.87,1440.88,293914,1.38,1087.17
01-01-2020,MSFT,1414.01,1005.75,257.21,1399.78,108624,748.54,-14.23
01-01-2020,TSLA,360.16,823.59,649.2,1254.38,815660,174.39,894.22
01-01-2020,MSFT,1469.19,1344.92,1137.39,1117.86,896010,207.53,-351.33
01-01-2020,MSFT,1492,1485.39,414.74,642.23,802195,1070.65,-849.77
01-01-2020,AAPL,542.55,282.45,243.78,1154.6,587066,38.67,612.05
01-01-2020,GOOGL,694.29,1053.65,832.53,1047.54,366263,221.12,353.25
01-01-2020,AMZN,492.89,1126.64,258.71,1023.6,607713,867.93,530.71
01-01-2020,TSLA,314.71,978.65,416.08,1446.2,671750,562.57,1131.49
01-01-2020,TSLA,1126.66,1177.8,267.97,950.07,599240,909.83,-176.59
01-01-2020,GOOGL,100.57,867.5,383.78,951.52,889574,483.72,850.95
01-01-2020,AAPL,934.66,855.31,337.4,1491.68,882872,517.91,557.02
01-01-2020,GOOGL,359.74,864.09,793.75,1018.51,161162,70.34,658.77
01-01-2020,GOOGL,1012.35,746.77,643.93,541.33,606680,102.84,-471.02
01-01-2020,TSLA,1063.24,1369.14,619.41,1349.7,321816,749.73,286.46
01-01-2020,TSLA,547.04,1250.68,333.76,911.1,833143,916.92,364.06
01-01-2020,MSFT,453.08,625.42,483.66,244.01,34509,141.76,-209.07
01-01-2020,TSLA,1438.29,1104.22,434.55,535.21,529697,669.67,-903.08
01-01-2020,AMZN,696.97,1437.67,387.83,521.23,998736,1049.84,-175.74
01-01-2020,AMZN,852.38,538.77,262.26,962.87,477404,276.51,110.49
01-01-2020,MSFT,131.51,1363.43,859.43,569.7,205597,504,438.19
01-01-2020,TSLA,721.76,420.4,378.48,818.45,844633,41.92,96.69
01-01-2020,AMZN,1193.9,367.36,218.91,1373.11,758344,148.45,179.21
01-01-2020,GOOGL,989.22,1041.52,557.51,570.22,532600,484.01,-419
01-01-2020,TSLA,857.87,1097.67,180.77,1428.32,674387,916.9,570.45
01-01-2020,GOOGL,553.45,815.62,812.42,1406.61,469972,3.2,853.16
01-01-2020,GOOGL,1342.59,1352.25,1073.42,874.9,454333,278.83,-467.69
01-01-2020,AMZN,1329.36,1123.58,776.82,1044.55,109521,346.76,-284.81
01-01-2020,TSLA,920.19,1191.88,615.11,359.43,491204,576.77,-560.76
01-01-2020,AAPL,1043.87,1448.42,480.05,169.71,317797,968.37,-874.16
01-01-2020,MSFT,1022.82,962.17,544.64,555.56,639404,417.53,-467.26
01-01-2020,TSLA,657.28,568.83,188.79,251.93,847784,380.04,-405.35
01-01-2020,AMZN,819.09,1049.45,334.2,1267.47,380495,715.25,448.38
01-01-2020,AAPL,643.37,1297.65,1190.29,1375.75,538073,107.36,732.38
01-01-2020,AAPL,1380.42,1334.75,1252.53,279.28,105645,82.22,-1101.14
01-01-2020,TSLA,227.45,1292.9,870.86,185.88,525320,422.04,-41.57
01-01-2020,GOOGL,1007.49,808.91,347.97,545.82,957749,460.94,-461.67
01-01-2020,AMZN,678.47,786.28,307.53,221.56,101585,478.75,-456.91
01-01-2020,TSLA,1051.37,1491.84,613.12,120.3,648697,878.72,-931.07
01-01-2020,TSLA,931.19,926.3,797.87,349.84,775962,128.43,-581.35
01-01-2020,TSLA,1180.84,1054.35,943.08,615.58,81824,111.27,-565.26
01-01-2020,MSFT,1259.5,1408.06,144.96,1045.05,974543,1263.1,-214.45
01-01-2020,AMZN,338.74,1192.28,145.97,591.35,329969,1046.31,252.61
01-01-2020,GOOGL,1359.87,1160.55,678.39,134.41,893773,482.16,-1225.46
01-01-2020,AAPL,727.43,1013.16,962.98,212.37,222334,50.18,-515.06
01-01-2020,AAPL,484.18,809.86,264.21,1008.87,809582,545.65,524.69
01-01-2020,AAPL,476.01,1114.88,778.26,282.4,221470,336.62,-193.61
01-01-2020,GOOGL,1048.66,1069.16,482.43,301.17,582324,586.73,-747.49
01-01-2020,GOOGL,477.96,548.13,156.85,710.33,447613,391.28,232.37
01-01-2020,AMZN,1175.79,1080.54,425.39,754.04,472784,655.15,-421.75
01-01-2020,GOOGL,410.14,1260.7,1245.16,407.89,121962,15.54,-2.25
01-01-2020,GOOGL,748.97,1165.41,904.79,655.14,767098,260.62,-93.83
01-01-2020,GOOGL,1323.01,1106.83,1006,365.98,391022,100.83,-957.03
01-01-2020,AMZN,1167.92,1035.92,752.75,511.28,802142,283.17,-656.64
01-01-2020,AMZN,818.31,1147.37,1002.03,368.19,256460,145.34,-450.12
01-01-2020,MSFT,664.05,612.22,561.97,316.56,582626,50.25,-347.49
01-01-2020,AAPL,1136.44,1133.09,782.28,129.01,24562,350.81,-1007.43
01-01-2020,AAPL,859.98,1395.63,344.49,1154.14,746445,1051.14,294.16
01-01-2020,TSLA,1099.81,865.52,297.93,369.22,457324,567.59,-730.59
01-01-2020,MSFT,1305.73,243.38,231.66,1272.41,252674,11.72,-33.32
01-01-2020,TSLA,316.56,999.77,583.04,1423.06,231236,416.73,1106.5
01-01-2020,TSLA,1062.45,1267.61,437.91,1145.72,37184,829.7,83.27
01-01-2020,GOOGL,996.35,1403.22,903.42,765.01,136025,499.8,-231.34
01-01-2020,GOOGL,1328.48,842.96,144.53,236.55,820041,698.43,-1091.93
01-01-2020,GOOGL,685.38,1392.1,860.08,342.33,784374,532.02,-343.05
01-01-2020,TSLA,1490.43,946.39,486.57,884.23,833865,459.82,-606.2
01-01-2020,AAPL,426.27,1183.91,430.76,1382.57,436637,753.15,956.3
01-01-2020,AAPL,1430.53,948.27,207.06,859.06,571387,741.21,-571.47
01-01-2020,GOOGL,1441.66,792.32,323.92,464.86,614111,468.4,-976.8
01-01-2020,AAPL,236.79,1378.18,1271.8,183.26,695743,106.38,-53.53
01-01-2020,GOOGL,1494.42,951.34,843.73,1132.25,411657,107.61,-362.17
01-01-2020,AAPL,352,973.64,772.78,120.51,753754,200.86,-231.49
01-01-2020,MSFT,1287.78,781.25,692.88,556.01,267970,88.37,-731.77
01-01-2020,AAPL,128.56,1443.37,1222.85,142.46,974553,220.52,13.9
01-01-2020,TSLA,946.28,1125.76,240.93,1185.94,571388,884.83,239.66
01-01-2020,AAPL,496.85,1465.81,1358.74,1228.12,889103,107.07,731.27
01-01-2020,MSFT,1061.46,1117.05,414.05,725.69,480403,703,-335.77
01-01-2020,AAPL,1043.91,1381.06,945.91,104.9,602251,435.15,-939.01
01-01-2020,AMZN,148.72,1138.61,635.88,457.96,909504,502.73,309.24
01-01-2020,AAPL,672.95,1099.6,249.4,1262.81,136366,850.2,589.86
01-01-2020,TSLA,504.87,512.57,287.93,1242.98,674841,224.64,738.11
01-01-2020,TSLA,739.83,773.58,635.28,156.28,775473,138.3,-583.55
01-01-2020,TSLA,945.96,1266.02,213.07,1123.37,840973,1052.95,177.41
01-01-2020,TSLA,1258.02,1290.84,974.68,431.9,906579,316.16,-826.12
01-01-2020,MSFT,471.05,634.01,621.9,851.78,147604,12.11,380.73
01-01-2020,AAPL,850.67,1263.93,1143.33,1046.16,144513,120.6,195.49
01-01-2020,TSLA,728.81,786.28,698.46,1162.79,17093,87.82,433.98
01-01-2020,TSLA,399.23,1068.28,210,897.67,851912,858.28,498.44
01-01-2020,AAPL,418.89,1439.11,953.97,716.39,481895,485.14,297.5
01-01-2020,AAPL,917.4,1187.63,1073.9,1443.6,411297,113.73,526.2
01-01-2020,GOOGL,852.04,1274.84,407.49,788.19,287437,867.35,-63.85
01-01-2020,GOOGL,318.05,938.28,270.91,837.17,437666,667.37,519.12
01-01-2020,MSFT,1332.59,1445.57,971.08,511.09,894440,474.49,-821.5
01-01-2020,GOOGL,676.93,1420.73,241.57,1212.06,695683,1179.16,535.13
01-01-2020,TSLA,882.38,856.15,532.46,1056.31,75271,323.69,173.93
01-01-2020,MSFT,1089.84,955.69,667.61,624.18,262670,288.08,-465.66
01-01-2020,AAPL,348.47,1496.78,1456.12,1318.6,307880,40.66,970.13
01-01-2020,AAPL,453.11,1465.27,382.38,1192.47,114903,1082.89,739.36
01-01-2020,TSLA,1235.02,1452.96,911.45,303.46,424496,541.51,-931.56
01-01-2020,TSLA,1426.04,587.74,216.54,942.4,121920,371.2,-483.64
01-01-2020,GOOGL,290.31,1487.77,405.05,1069.1,645042,1082.72,778.79
01-01-2020,MSFT,399.85,1292.57,523.64,819.66,710353,768.93,419.81
01-01-2020,GOOGL,555.7,808.17,801.14,430.27,992941,7.03,-125.43
01-01-2020,GOOGL,301.16,1452.42,823.16,1175.21,936201,629.26,874.05
01-01-2020,GOOGL,1093.91,1425.84,150.84,126.17,693529,1275,-967.74
01-01-2020,MSFT,301.37,1216.94,343.93,837.52,908789,873.01,536.15
01-01-2020,GOOGL,1231.42,1110.32,653.94,1496.25,914560,456.38,264.83
01-01-2020,AMZN,346.67,965.27,681.82,1028.88,847531,283.45,682.21
01-01-2020,GOOGL,541.92,1114.1,799.42,238.93,600788,314.68,-302.99
01-01-2020,AAPL,412.13,754.83,720.6,1227.69,849182,34.23,815.56
01-01-2020,TSLA,363.28,599.77,332.13,466.47,89653,267.64,103.19
01-01-2020,TSLA,699.23,870.71,538.5,687.51,458435,332.21,-11.72
01-01-2020,AMZN,1021.6,1089.07,397.33,876.68,484736,691.74,-144.92
01-01-2020,GOOGL,469.33,1058.61,276.14,1371.06,606403,782.47,901.73
01-01-2020,AAPL,116.9,821.73,628.61,294.08,71350,193.12,177.18
01-01-2020,AAPL,948.06,656.94,201.85,1385.94,752799,455.09,437.88
01-01-2020,AMZN,1448.02,1306.67,945.35,155.35,6243,361.32,-1292.67
01-01-2020,TSLA,1399.06,603.67,472.88,755.43,92694,130.79,-643.63
01-01-2020,GOOGL,1259.73,1285.8,131.37,1296.89,223405,1154.43,37.16
01-01-2020,MSFT,432.16,1082.72,178.01,424.19,671277,904.71,-7.97
01-01-2020,MSFT,1141.67,580.52,349.73,904.12,50113,230.79,-237.55
01-01-2020,MSFT,194.91,1453.88,1188.02,1383.94,328360,265.86,1189.03
01-01-2020,AMZN,1228.36,1254.77,1242.58,523,863997,12.19,-705.36
01-01-2020,AAPL,505.3,1079.57,407.58,326.9,254864,671.99,-178.4
01-01-2020,MSFT,1029.78,1454.34,1120.45,1398.91,467252,333.89,369.13
01-01-2020,MSFT,697.23,1235.55,597.39,657.01,960208,638.16,-40.22
01-01-2020,TSLA,1283.32,1098.59,270.83,1223.7,97187,827.76,-59.62
01-01-2020,GOOGL,1336.69,451.84,161.04,712.99,342909,290.8,-623.7
01-01-2020,MSFT,794,1390.46,231.36,982.73,327531,1159.1,188.73
01-01-2020,MSFT,538.55,1396.49,273.09,1106.89,969747,1123.4,568.34
01-01-2020,TSLA,1155.13,1218.39,702.79,1003.49,968976,515.6,-151.64
01-01-2020,TSLA,408.09,1474.49,507.09,266.85,170726,967.4,-141.24
01-01-2020,AAPL,346.53,1286.54,1192.06,317.47,242836,94.48,-29.06
01-01-2020,AMZN,1140.67,1306.75,120.16,867.61,935123,1186.59,-273.06
01-01-2020,GOOGL,452.9,962.68,301.31,1464.28,202773,661.37,1011.38
01-01-2020,GOOGL,735.83,1399.45,398.34,983.26,389487,1001.11,247.43
01-01-2020,AAPL,640.2,800.09,592.24,728.8,123588,207.85,88.6
01-01-2020,GOOGL,1474.91,1344.65,508.03,1258.55,133750,836.62,-216.36
01-01-2020,AAPL,225.76,1382.98,368.92,838.88,924568,1014.06,613.12
01-01-2020,AAPL,939.11,804.77,614.94,1389.36,138405,189.83,450.25
01-01-2020,MSFT,704.58,1027.97,969.06,179.11,525089,58.91,-525.47
01-01-2020,TSLA,175.51,1493.04,1351.04,1382.93,724300,142,1207.42
01-01-2020,GOOGL,806.64,1359.79,221.81,630.64,107634,1137.98,-176
01-01-2020,AAPL,273,336.05,328.06,849.38,948681,7.99,576.38
01-01-2020,MSFT,241.44,1160.28,263.92,726.84,540999,896.36,485.4
01-01-2020,AMZN,375.08,874.88,520.66,1459.13,934507,354.22,1084.05
01-01-2020,GOOGL,1440.97,1180.55,397.2,1224.56,478088,783.35,-216.41
01-01-2020,MSFT,393.85,921.47,775.61,717.23,246982,145.86,323.38
01-01-2020,MSFT,788.63,1023.53,734.98,998.37,777141,288.55,209.74
01-01-2020,AMZN,1039.92,438.62,403.26,271.95,377926,35.36,-767.97
01-01-2020,GOOGL,330.15,1337.84,566.37,1277.7,766236,771.47,947.55
01-01-2020,MSFT,1225.75,1202.79,352.84,1052,985015,849.95,-173.75
01-01-2020,MSFT,1208.75,976.25,491.35,731.09,143483,484.9,-477.66
01-01-2020,AAPL,278.05,573.26,565.69,1256.48,180518,7.57,978.43
01-01-2020,TSLA,657.98,1080.94,879.71,1103.49,221338,201.23,445.51
01-01-2020,AMZN,338.21,1281.09,164.92,1379.03,418649,1116.17,1040.82
01-01-2020,AAPL,468.54,1198.25,238.14,812.82,817418,960.11,344.28
01-01-2020,AAPL,878.73,1148.75,490.98,1089.45,94805,657.77,210.72
01-01-2020,GOOGL,675.98,900.43,253,390.49,191960,647.43,-285.49
01-01-2020,AMZN,1426.83,537.06,459.34,557.98,123156,77.72,-868.85
01-01-2020,TSLA,422.89,1191.28,418.25,791.01,433199,773.03,368.12
01-01-2020,AAPL,574.56,1251,1221,703.24,291930,30,128.68
01-01-2020,AAPL,1022.4,1140.71,802.01,894.45,30582,338.7,-127.95
01-01-2020,TSLA,893.02,1340.77,623.51,308.29,407057,717.26,-584.73
01-01-2020,GOOGL,760.46,1011.17,413.27,707.94,662361,597.9,-52.52
01-01-2020,GOOGL,1125.13,1408.86,1345.29,1493.65,66115,63.57,368.52
01-01-2020,AAPL,222.88,1484.74,931.57,606.45,660011,553.17,383.57
01-01-2020,MSFT,1354.14,932.76,599.68,540.23,909865,333.08,-813.91
01-01-2020,GOOGL,180.9,1188.12,1073.19,558.14,828208,114.93,377.24
01-01-2020,AAPL,296.91,1130.95,1008.13,1002.31,206974,122.82,705.4
01-01-2020,TSLA,1103.28,1454.9,1038.61,794.62,405003,416.29,-308.66
01-01-2020,GOOGL,664.97,913.01,410.32,1081.82,892286,502.69,416.85
01-01-2020,GOOGL,291.75,1068.7,301.03,451.83,447174,767.67,160.08
01-01-2020,MSFT,277.16,1323.75,163.41,1286.45,945010,1160.34,1009.29
01-01-2020,TSLA,767.27,1469.2,754.83,937.75,624488,714.37,170.48
01-01-2020,TSLA,1169.06,816.91,695.11,1398.73,529588,121.8,229.67
01-01-2020,AAPL,461.57,1263.07,604.03,1196.13,240910,659.04,734.56
01-01-2020,AMZN,1277.9,1245.53,653.68,829.67,612208,591.85,-448.23
01-01-2020,MSFT,680.79,1480.14,889.85,598.76,127135,590.29,-82.03
01-01-2020,AMZN,662.73,1443.58,300.52,876.65,204487,1143.06,213.92
01-01-2020,GOOGL,1284.04,453.13,132.46,1012.65,882260,320.67,-271.39
01-01-2020,GOOGL,217.42,1435.47,635.41,1099.84,202729,800.06,882.42
01-01-2020,GOOGL,278.06,721.46,427.82,1237.14,706488,293.64,959.08
01-01-2020,MSFT,201.29,1358.06,908.66,103.51,312904,449.4,-97.78
01-01-2020,TSLA,1329.94,1048.25,605.37,932.89,935352,442.88,-397.05
01-01-2020,TSLA,1010.42,1087.79,890.39,847.38,950532,197.4,-163.04
01-01-2020,AMZN,648.04,1328.74,242.26,334.12,321515,1086.48,-313.92
01-01-2020,MSFT,466.96,999.7,408.9,1058.69,444629,590.8,591.73
01-01-2020,AMZN,580.26,1346.01,1172.89,570.1,28175,173.12,-10.16
01-01-2020,AAPL,674.98,849.56,616.3,732.88,786846,233.26,57.9
01-01-2020,AMZN,1108.58,488.21,332.1,566.35,585588,156.11,-542.23
01-01-2020,AAPL,816.15,1332.11,804.65,763.51,581997,527.46,-52.64
01-01-2020,AAPL,158.63,1368.59,162.76,1273.68,461569,1205.83,1115.05
01-01-2020,MSFT,1388.28,1426.93,828.34,783.12,904976,598.59,-605.16
01-01-2020,AMZN,168.82,449.51,149.53,1064.33,743894,299.98,895.51
01-01-2020,TSLA,902.9,1418.15,494.73,585.38,422673,923.42,-317.52
01-01-2020,MSFT,1295.08,1435.46,994.8,679.99,966503,440.66,-615.09
01-01-2020,MSFT,438.7,1335,379.1,887.98,213941,955.9,449.28
01-01-2020,GOOGL,1125.44,1317.46,759.93,296.55,641737,557.53,-828.89
01-01-2020,GOOGL,1020.08,982.13,648.52,167.68,670436,333.61,-852.4
01-01-2020,AMZN,714.64,1475.16,429.1,916.88,399787,1046.06,202.24
01-01-2020,GOOGL,162.83,1059.95,1025.96,346.27,221436,33.99,183.44
01-01-2020,TSLA,1388.16,1465.67,902.61,628.35,338054,563.06,-759.81
01-01-2020,AAPL,1065.75,732.04,657.49,1290.48,905042,74.55,224.73
01-01-2020,TSLA,774.57,638.83,507.59,986.62,296324,131.24,212.05
01-01-2020,AAPL,274.08,1195.83,1094.34,859.51,795038,101.49,585.43
01-01-2020,AAPL,190.29,1466.53,717.09,141.99,675967,749.44,-48.3
01-01-2020,MSFT,970.84,700.49,611.07,232.9,575543,89.42,-737.94
01-01-2020,TSLA,1243.94,911.11,219.98,464.68,834236,691.13,-779.26
01-01-2020,GOOGL,117.86,1144.12,866.76,1409.16,187020,277.36,1291.3
01-01-2020,AAPL,1040.12,1078.57,937.87,1203.04,157798,140.7,162.92
01-01-2020,TSLA,1394.51,1343.67,1111.36,206.23,663151,232.31,-1188.28
01-01-2020,MSFT,257.51,1373.3,940.29,265.95,855522,433.01,8.44
01-01-2020,TSLA,566.21,1487.03,1070.6,185.64,11946,416.43,-380.57
01-01-2020,MSFT,1234.61,1271.4,1200.44,130.59,513566,70.96,-1104.02
01-01-2020,GOOGL,1065.58,1103.25,119.3,848.14,266298,983.95,-217.44
01-01-2020,AAPL,1077.36,1128.03,484.83,1330.36,297186,643.2,253
01-01-2020,TSLA,535.36,1416.68,1343.16,534.04,609597,73.52,-1.32
01-01-2020,TSLA,791.39,859.07,682.29,306.92,814188,176.78,-484.47
01-01-2020,AAPL,296.06,1034.16,868.53,741.22,437652,165.63,445.16
01-01-2020,AAPL,550.91,1003.12,486.03,207.49,491175,517.09,-343.42
01-01-2020,TSLA,611.12,598.72,104.36,1042.68,576594,494.36,431.56
01-01-2020,MSFT,1192.73,1390.61,661.49,1007.79,524246,729.12,-184.94
01-01-2020,MSFT,1157.61,772.74,524.35,1314.48,114350,248.39,156.87
01-01-2020,MSFT,1125.21,751.12,649,1070.35,808957,102.12,-54.86
01-01-2020,AMZN,1187.72,889.18,145.54,695.67,423616,743.64,-492.05
01-01-2020,TSLA,1321.45,1499.82,602.74,668.58,175988,897.08,-652.87
01-01-2020,AAPL,217.33,1071.97,637.63,107.8,12756,434.34,-109.53
01-01-2020,TSLA,776.05,788.04,746.22,1050.59,613011,41.82,274.54
01-01-2020,TSLA,819.71,596.29,480.57,784.92,594901,115.72,-34.79
01-01-2020,MSFT,1260.85,1238.13,483.79,627.47,798192,754.34,-633.38
01-01-2020,AAPL,721.3,792.91,186.62,576.75,288081,606.29,-144.55
01-01-2020,AMZN,899.19,1492.57,959.33,342.03,74786,533.24,-557.16
01-01-2020,GOOGL,837.9,739.97,727.3,567.95,677324,12.67,-269.95
01-01-2020,TSLA,961.3,1055.61,865.64,712.43,845900,189.97,-248.87
01-01-2020,TSLA,931.05,1135.28,798.93,995.63,637715,336.35,64.58
01-01-2020,AMZN,329.86,791.93,595.43,365.44,282264,196.5,35.58
01-01-2020,AMZN,1472.07,963.59,175.98,210.95,369113,787.61,-1261.12
01-01-2020,TSLA,651.21,676.01,313.67,1424.01,795744,362.34,772.8
01-01-2020,TSLA,418.39,1390.57,687.44,1341.17,213181,703.13,922.78
01-01-2020,AMZN,1034.64,1092.57,111.48,903.71,810289,981.09,-130.93
01-01-2020,TSLA,1000.97,1165.36,882.22,1146,147612,283.14,145.03
01-01-2020,GOOGL,223.21,1109.34,778.58,788.54,632528,330.76,565.33
01-01-2020,MSFT,1350.95,1365.71,692.89,437.54,71017,672.82,-913.41
01-01-2020,MSFT,538.72,726.5,326.5,1130.73,410129,400,592.01
01-01-2020,AMZN,747.31,1050.82,252.2,1192.81,955815,798.62,445.5
01-01-2020,MSFT,1400.97,1419.01,923.6,1407.42,998630,495.41,6.45
01-01-2020,TSLA,1309.51,1479.57,900.13,296.75,188284,579.44,-1012.76
01-01-2020,MSFT,1403.13,1104.96,529.86,850.21,726856,575.1,-552.92
01-01-2020,GOOGL,444.05,913.42,236.44,497.8,565923,676.98,53.75
01-01-2020,MSFT,484.36,1459.19,939.88,222.11,803291,519.31,-262.25
01-01-2020,GOOGL,107.45,1354.4,749.6,1262.23,297687,604.8,1154.78
01-01-2020,AAPL,551.76,1362.34,175.32,1056.14,126535,1187.02,504.38
01-01-2020,AMZN,1292.08,1239.92,527.75,1319.75,859113,712.17,27.67
01-01-2020,MSFT,952.87,644.37,293.05,937.23,322518,351.32,-15.64
01-01-2020,AMZN,1294.44,1291.3,223.26,1288.14,312678,1068.04,-6.3
01-01-2020,TSLA,879.54,676.69,588.52,894.85,898009,88.17,15.31
01-01-2020,GOOGL,899.88,850.92,537.28,109.79,760915,313.64,-790.09
01-01-2020,MSFT,263.02,802.1,308.23,610.06,395806,493.87,347.04
01-01-2020,AAPL,484.97,1059.23,986.04,1221.02,587001,73.19,736.05
01-01-2020,AAPL,701.44,601.15,140.16,1147.26,219653,460.99,445.82
01-01-2020,TSLA,876.05,1333.64,209.38,343.39,789496,1124.26,-532.66
01-01-2020,TSLA,560.24,1001.63,197.57,647.93,43447,804.06,87.69
01-01-2020,GOOGL,1108.61,1098.25,930.14,1163.16,920849,168.11,54.55
01-01-2020,AAPL,1156.82,1311.53,754.64,816.19,98675,556.89,-340.63
01-01-2020,MSFT,1008.17,1251.39,195.27,1251.53,296962,1056.12,243.36
01-01-2020,AAPL,874.8,623.75,111.3,500.15,898206,512.45,-374.65
01-01-2020,AAPL,1245.18,701.92,127.02,1402.58,715311,574.9,157.4
01-01-2020,MSFT,576.54,1357.58,245.01,1143.47,924887,1112.57,566.93
01-01-2020,AMZN,767.2,837.86,270.2,761.05,802279,567.66,-6.15
01-01-2020,AAPL,514.49,1289.72,1082.46,1425.68,114953,207.26,911.19
01-01-2020,GOOGL,251.09,641.37,280.29,615.49,518116,361.08,364.4
01-01-2020,GOOGL,1379.01,641.18,381.44,286.48,42530,259.74,-1092.53
01-01-2020,MSFT,835.5,386.51,213.89,283.38,30954,172.62,-552.12
01-01-2020,MSFT,982.05,1164.07,837.72,105.71,332888,326.35,-876.34
01-01-2020,MSFT,521.62,1116.65,787.29,245.39,588669,329.36,-276.23
01-01-2020,MSFT,909.52,1055.2,1024.85,1308.25,53625,30.35,398.73
01-01-2020,AMZN,911.35,300.04,139.09,775.4,661485,160.95,-135.95
01-01-2020,AAPL,217.46,629.24,202.79,416.67,245076,426.45,199.21
01-01-2020,GOOGL,203.95,503.42,366.83,725.03,966799,136.59,521.08
01-01-2020,TSLA,154.42,687.3,391.57,1134.7,306015,295.73,980.28
01-01-2020,AMZN,1320.16,1355.01,551.62,1343.61,903205,803.39,23.45
01-01-2020,AAPL,778.99,919.66,441.66,1425.74,820283,478,646.75
01-01-2020,AAPL,527.81,1408.24,1133.03,1405.17,598739,275.21,877.36
01-01-2020,AMZN,634.74,1048,486.96,946.09,231752,561.04,311.35
01-01-2020,MSFT,587.52,1404.14,1117.39,403.26,931810,286.75,-184.26
01-01-2020,MSFT,1094.29,876.85,396.22,777.8,612193,480.63,-316.49
01-01-2020,MSFT,609.46,1397.72,756.27,552.41,215490,641.45,-57.05
01-01-2020,TSLA,250.43,1088.46,864.7,976.21,382430,223.76,725.78
01-01-2020,MSFT,1284.57,892.13,378.92,213.56,594694,513.21,-1071.01
01-01-2020,GOOGL,1130.01,1395.5,674.29,1159.43,341661,721.21,29.42
01-01-2020,AAPL,738.58,807.09,250.91,1394.08,884002,556.18,655.5
01-01-2020,AMZN,899.85,671.43,420,134.68,601328,251.43,-765.17
01-01-2020,TSLA,823.43,544.58,155.37,1450.81,42384,389.21,627.38
01-01-2020,GOOGL,157.1,1458.33,1056.68,826.96,222008,401.65,669.86
01-01-2020,MSFT,541.01,1420.9,1326.21,1119.81,694731,94.69,578.8
01-01-2020,AMZN,1430.83,1493.07,354.91,1342.1,499873,1138.16,-88.73
01-01-2020,AAPL,1302.78,1043.12,891.57,1340.91,421631,151.55,38.13
01-01-2020,AMZN,419.7,196.4,142.03,857.82,629210,54.37,438.12
01-01-2020,TSLA,381.64,1382.56,1228.38,1040.53,844837,154.18,658.89
01-01-2020,AAPL,1391.5,982.07,739.33,292.98,310840,242.74,-1098.52
01-01-2020,AAPL,1293.73,1280.46,309.92,810.57,907178,970.54,-483.16
01-01-2020,MSFT,1184.84,1357.58,713.97,231.08,229597,643.61,-953.76
01-01-2020,MSFT,649.83,727.12,377.25,924.69,676302,349.87,274.86
01-01-2020,MSFT,824.01,754.72,103.04,936.22,11831,651.68,112.21
01-01-2020,AMZN,1137.09,1002.27,598.34,160.66,507259,403.93,-976.43
01-01-2020,TSLA,1197.86,1412.07,264.87,720.07,394004,1147.2,-477.79
01-01-2020,AAPL,573.16,808.96,623.75,325.54,496770,185.21,-247.62
01-01-2020,TSLA,757.78,1172.97,859.81,455.46,710149,313.16,-302.32
01-01-2020,TSLA,1156.92,1260.41,567.6,263.17,431225,692.81,-893.75
01-01-2020,MSFT,561.09,1393.39,299.16,1330.57,601989,1094.23,769.48
01-01-2020,AMZN,293.52,989.68,494.63,489,800978,495.05,195.48
01-01-2020,AMZN,1471.88,1353.41,323.15,699.18,825718,1030.26,-772.7
01-01-2020,GOOGL,416.23,1209.48,560.91,990.22,620359,648.57,573.99
01-01-2020,GOOGL,957.02,1151.23,750.5,1399.45,842314,400.73,442.43
01-01-2020,GOOGL,818.51,907.99,326.04,590.2,442776,581.95,-228.31
01-01-2020,GOOGL,1320.95,470.97,319.59,1041.34,382184,151.38,-279.61
01-01-2020,AMZN,220.75,951.3,813.55,231.79,558494,137.75,11.04
01-01-2020,TSLA,629.47,1018.42,783.19,384.91,896150,235.23,-244.56
01-01-2020,TSLA,906.97,1393.54,1196.5,632.19,419504,197.04,-274.78
01-01-2020,AMZN,411.71,1474.17,695.61,723.06,848928,778.56,311.35
01-01-2020,AAPL,1104.36,974.72,203.01,1394.08,915942,771.71,289.72
01-01-2020,GOOGL,1420.62,800.99,590.23,1021.49,743118,210.76,-399.13
01-01-2020,AAPL,856.04,855.12,369.27,1200.31,233142,485.85,344.27
01-01-2020,GOOGL,745.45,632.15,307.74,226.97,981239,324.41,-518.48
01-01-2020,MSFT,556.25,603.87,510.31,914.15,107478,93.56,357.9
01-01-2020,AAPL,765.92,749.53,144.96,626.28,424638,604.57,-139.64
01-01-2020,TSLA,1412.87,879.25,273.93,1193.62,180383,605.32,-219.25
01-01-2020,AAPL,1307.01,1279.87,1078.78,326.08,672010,201.09,-980.93
01-01-2020,MSFT,754.99,145.83,127.83,498.82,66837,18,-256.17
01-01-2020,AMZN,1020.42,445.54,427.04,168.08,492766,18.5,-852.34
01-01-2020,GOOGL,1353.09,1471.61,1423.33,747.02,412663,48.28,-606.07
01-01-2020,GOOGL,650.13,1260.26,639.36,1172.3,592182,620.9,522.17
01-01-2020,TSLA,682.1,1400.95,483.9,257.57,686428,917.05,-424.53
01-01-2020,GOOGL,941.52,723.39,405.29,1108.26,917272,318.1,166.74
01-01-2020,TSLA,1093.73,1476.59,399.75,931.01,844715,1076.84,-162.72
01-01-2020,MSFT,1430.83,514.82,219.32,1101.35,113021,295.5,-329.48
01-01-2020,AAPL,773.78,1376.99,643.08,229.54,923105,733.91,-544.24
01-01-2020,GOOGL,964.3,1336.49,997.17,936.08,733794,339.32,-28.22
01-01-2020,AMZN,666.88,1459.12,1324.68,867.11,871130,134.44,200.23
01-01-2020,TSLA,377.72,1103.14,1024.66,951.05,599452,78.48,573.33
01-01-2020,TSLA,816.05,882.6,763.53,800.28,417872,119.07,-15.77
01-01-2020,MSFT,597.18,505.26,314.88,847.43,580220,190.38,250.25
01-01-2020,TSLA,861.85,1392.02,1000.51,1319.53,479941,391.51,457.68
01-01-2020,TSLA,796.02,1101.8,673.52,880.12,932745,428.28,84.1
01-01-2020,AAPL,336.75,1441.93,126.74,604.24,779733,1315.19,267.49
01-01-2020,TSLA,1405.7,515.13,507.52,128.46,397513,7.61,-1277.24
01-01-2020,GOOGL,1023.29,280.7,222.83,1263.77,744325,57.87,240.48
01-01-2020,TSLA,1444.02,1222.96,493.02,198.08,711376,729.94,-1245.94
01-01-2020,AMZN,1248.65,1197.73,613.74,933.16,253253,583.99,-315.49
01-01-2020,TSLA,499.88,1208.95,1034.89,378.39,475428,174.06,-121.49
01-01-2020,MSFT,479.27,1132.18,600.63,1107.02,351977,531.55,627.75
01-01-2020,MSFT,1297.57,1362.78,750.06,806.28,755713,612.72,-491.29
01-01-2020,GOOGL,424.6,831.14,282.11,1144.18,448233,549.03,719.58
01-01-2020,AAPL,888.38,1100.82,946.54,417.44,888719,154.28,-470.94
01-01-2020,GOOGL,108.08,860.61,364.73,1450.56,769921,495.88,1342.48
01-01-2020,AMZN,701.05,1260.54,183.72,705.66,842912,1076.82,4.61
01-01-2020,MSFT,259.52,1364.65,848.04,1272.81,423711,516.61,1013.29
01-01-2020,MSFT,1046.6,1498.17,288.48,939.53,361389,1209.69,-107.07
01-01-2020,AMZN,1082.94,1387.02,174.8,335.98,261171,1212.22,-746.96
01-01-2020,MSFT,1109.25,1189.05,267.8,142.2,703228,921.25,-967.05
01-01-2020,AAPL,1119.86,1237.32,759.87,508.08,746999,477.45,-611.78
01-01-2020,MSFT,1239.89,1047.86,302.19,535.4,359458,745.67,-704.49
01-01-2020,GOOGL,1365.57,1097.85,986.88,1270.3,55338,110.97,-95.27
01-01-2020,AAPL,121.9,1479.54,666.81,718.58,515302,812.73,596.68
01-01-2020,GOOGL,1407.4,857.82,750.64,1016.08,90896,107.18,-391.32
01-01-2020,TSLA,1272.11,1057.14,565.5,822.36,551943,491.64,-449.75
01-01-2020,AAPL,230.6,1471.13,305.8,511.29,99313,1165.33,280.69
01-01-2020,AAPL,1443.88,556.4,396.98,295.13,385374,159.42,-1148.75
01-01-2020,AAPL,1049.97,858.63,511.64,506.94,904898,346.99,-543.03
01-01-2020,GOOGL,939.01,1311.52,357.41,425.51,372867,954.11,-513.5
01-01-2020,MSFT,1405.98,700.5,276.24,715.7,398260,424.26,-690.28
01-01-2020,MSFT,206.52,1167.08,857.45,641.76,444544,309.63,435.24
01-01-2020,GOOGL,801.57,1434.46,509.6,162.83,704355,924.86,-638.74
01-01-2020,TSLA,1061.73,1479.67,1064.51,848.34,227588,415.16,-213.39
01-01-2020,AMZN,1208.67,690.76,100.48,201.94,513627,590.28,-1006.73
01-01-2020,AMZN,916.23,1430.54,183.56,1222.69,739553,1246.98,306.46
01-01-2020,TSLA,132.84,810.25,683.56,471.35,602593,126.69,338.51
01-01-2020,AMZN,561.18,281.38,165.2,539.79,134413,116.18,-21.39
01-01-2020,MSFT,851.62,1320.24,528.34,1215.82,333219,791.9,364.2
01-01-2020,AAPL,1285.18,976.46,289.23,887.89,224537,687.23,-397.29
01-01-2020,AAPL,230.24,388.63,178.63,499.05,838794,210,268.81
01-01-2020,GOOGL,924.97,1488.74,764.95,429.67,227784,723.79,-495.3
01-01-2020,AAPL,844.97,1154.32,392.49,1003.01,863795,761.83,158.04
01-01-2020,AAPL,472.93,1446.76,227.75,837.42,774462,1219.01,364.49
01-01-2020,TSLA,637.53,344.93,257.6,260.8,775942,87.33,-376.73
01-01-2020,GOOGL,766.32,606.49,136.81,527.96,497224,469.68,-238.36
01-01-2020,GOOGL,1128.28,1117.06,903.49,937.04,313917,213.57,-191.24
01-01-2020,AAPL,614.04,774.65,322.25,1091.41,300483,452.4,477.37
01-01-2020,TSLA,126.43,835.83,824.56,644.46,868780,11.27,518.03
01-01-2020,GOOGL,794.71,1380.57,771.1,1050.58,416808,609.47,255.87
01-01-2020,AAPL,1065.95,1400.21,375.94,955.25,452470,1024.27,-110.7
01-01-2020,GOOGL,568.63,1056.8,801.16,209.08,582092,255.64,-359.55
01-01-2020,TSLA,1085.51,980.91,931.47,1154.72,834459,49.44,69.21
01-01-2020,AAPL,789.53,1492.52,209.94,367,308621,1282.58,-422.53
01-01-2020,MSFT,1380.84,1494.49,1345.46,461.5,182228,149.03,-919.34
01-01-2020,GOOGL,784.88,1300.66,962.93,860.64,25087,337.73,75.76
01-01-2020,TSLA,379.13,1434.59,163.9,640.91,819990,1270.69,261.78
01-01-2020,AMZN,159.27,1221.24,622.82,890.65,760806,598.42,731.38
01-01-2020,GOOGL,447.95,547.54,148.83,314.56,230116,398.71,-133.39
01-01-2020,MSFT,525.82,748.54,154.74,1120.58,877550,593.8,594.76
01-01-2020,MSFT,439.07,1300.66,138.84,428.29,565986,1161.82,-10.78
01-01-2020,MSFT,809.7,1495.78,241.16,1315.91,380343,1254.62,506.21
01-01-2020,MSFT,986.6,303.68,133.71,801.56,498233,169.97,-185.04
01-01-2020,GOOGL,1235.01,1381.08,161.36,1229.92,282423,1219.72,-5.09
01-01-2020,AMZN,162.65,1334.87,141.47,473.62,47639,1193.4,310.97
01-01-2020,AMZN,492.19,1152.39,517.61,650.09,94912,634.78,157.9
01-01-2020,TSLA,304.42,1017.65,790.5,339.88,37673,227.15,35.46
01-01-2020,GOOGL,830.64,1487.93,700.87,236.69,955549,787.06,-593.95
01-01-2020,AAPL,1029.19,161.39,116.2,1105.2,306394,45.19,76.01
01-01-2020,GOOGL,1107.26,655.16,274.64,326.95,620727,380.52,-780.31
01-01-2020,GOOGL,506.4,1389.91,460.83,1134.28,360605,929.08,627.88
01-01-2020,MSFT,685.16,683.09,473.73,245.26,611338,209.36,-439.9
01-01-2020,TSLA,1420.08,1451.69,473.93,138.36,791295,977.76,-1281.72
01-01-2020,GOOGL,223.38,989.91,117.93,1439.07,520005,871.98,1215.69
01-01-2020,MSFT,1284.85,1098.55,354.13,691.2,260492,744.42,-593.65
01-01-2020,MSFT,1125.22,1178.06,954.24,170.79,653490,223.82,-954.43
01-01-2020,AAPL,665.75,1323.66,1014.82,1411.41,189133,308.84,745.66
01-01-2020,TSLA,410.1,1124.97,880.02,1212.53,258894,244.95,802.43
01-01-2020,TSLA,816.83,1138.62,190.36,1009.43,595327,948.26,192.6
01-01-2020,AMZN,868.38,1495.18,970.45,498.31,850244,524.73,-370.07
01-01-2020,AAPL,1428.19,1431.97,141.5,152.68,252825,1290.47,-1275.51
01-01-2020,AAPL,1326,796.82,680.37,784.16,755253,116.45,-541.84
01-01-2020,AMZN,1221.98,912.79,113.7,1168.21,901759,799.09,-53.77
01-01-2020,AAPL,237.89,1275.16,271.4,596.26,350811,1003.76,358.37
01-01-2020,AAPL,471.17,1167.39,629.99,729.26,920393,537.4,258.09
01-01-2020,MSFT,793.08,1109.24,465.91,758.56,98315,643.33,-34.52
01-01-2020,TSLA,1285.15,1496.01,605.63,553.91,544054,890.38,-731.24
01-01-2020,AMZN,1147.25,1129.64,602.89,830.94,871684,526.75,-316.31
01-01-2020,TSLA,453.38,538.18,434.11,1010.44,561451,104.07,557.06
01-01-2020,AAPL,330.63,1354.24,1295.27,330.73,410994,58.97,0.1
01-01-2020,TSLA,591.9,933.64,413.69,621.34,771614,519.95,29.44
01-01-2020,AAPL,470.81,1254.91,811.03,585.7,116760,443.88,114.89
01-01-2020,MSFT,239.9,1462.11,139.54,1013.71,466238,1322.57,773.81
01-01-2020,TSLA,617.84,1479.93,845.66,669.75,995615,634.27,51.91
01-01-2020,TSLA,1007.95,1472.65,128.86,532.86,653105,1343.79,-475.09
01-01-2020,TSLA,1115.55,1494.61,810.71,634.83,455915,683.9,-480.72
01-01-2020,AMZN,1338.54,1449.33,1162.89,940.53,57216,286.44,-398.01
01-01-2020,MSFT,962.71,653.84,258.72,916.92,490089,395.12,-45.79
01-01-2020,AAPL,1419.22,1423.41,608.47,1341.4,845887,814.94,-77.82
01-01-2020,TSLA,1172.1,1303.34,600.78,824.41,72527,702.56,-347.69
01-01-2020,MSFT,717.68,927.5,643.41,450.87,821165,284.09,-266.81
01-01-2020,TSLA,1103.07,1362.95,500.65,1158.89,962995,862.3,55.82
01-01-2020,MSFT,395.77,1459.44,602.86,1031.26,452709,856.58,635.49
01-01-2020,GOOGL,985.75,813.83,367,980.7,679726,446.83,-5.05
01-01-2020,AAPL,1466.42,994.19,617.16,370.21,281760,377.03,-1096.21
01-01-2020,AAPL,1043.6,1284.34,568.5,123.66,538295,715.84,-919.94
01-01-2020,MSFT,1280.8,1221.84,204.77,1173.34,190069,1017.07,-107.46
01-01-2020,TSLA,1166.44,1200.91,169.66,568.59,244503,1031.25,-597.85
01-01-2020,TSLA,181.62,367.46,278.46,206.63,742075,89,25.01
01-01-2020,AAPL,1497.79,1010.23,263.04,1246.77,660227,747.19,-251.02
01-01-2020,AAPL,1153.36,379.51,222.97,298.57,474989,156.54,-854.79
01-01-2020,AMZN,1011.68,1048.41,941.18,1090.16,938974,107.23,78.48
01-01-2020,GOOGL,1298.8,1496.13,1006.65,1243.78,856171,489.48,-55.02
01-01-2020,MSFT,209.54,1250.22,912.07,888.31,464642,338.15,678.77
01-01-2020,GOOGL,1269.68,1131.77,425.31,707.56,539028,706.46,-562.12
01-01-2020,AAPL,327.71,1355.63,182.21,621.94,842802,1173.42,294.23
01-01-2020,TSLA,1262.35,1292.99,899.19,1491.13,138451,393.8,228.78
01-01-2020,AAPL,686.95,1122.61,183.35,570.7,514292,939.26,-116.25
01-01-2020,AMZN,498.79,575.55,253.89,595.49,250398,321.66,96.7
01-01-2020,TSLA,807.23,631.87,194.6,927.09,846053,437.27,119.86
01-01-2020,GOOGL,843.86,1441.36,161.75,1375.39,218814,1279.61,531.53
01-01-2020,AAPL,1207.89,1183.22,236.02,1279.14,54576,947.2,71.25
01-01-2020,AMZN,368.48,1139.6,464.31,429.1,400143,675.29,60.62
01-01-2020,AAPL,1323.09,1111.01,159.27,639.28,381574,951.74,-683.81
01-01-2020,MSFT,205.78,1090.72,641.19,634.63,460010,449.53,428.85
01-01-2020,AAPL,445.36,848.7,510.12,1013.2,474315,338.58,567.84
01-01-2020,GOOGL,1073.45,1188.32,420.07,662.52,251232,768.25,-410.93
01-01-2020,GOOGL,1326.84,501.29,282.32,635.19,515127,218.97,-691.65
01-01-2020,GOOGL,848.82,1316.08,872.31,1265.72,316724,443.77,416.9
01-01-2020,AMZN,1327.24,1335.83,793.53,780.09,518707,542.3,-547.15
01-01-2020,MSFT,1377.48,722.95,569.53,439.33,926074,153.42,-938.15
01-01-2020,TSLA,1428.76,1353.21,434.08,421.89,991215,919.13,-1006.87
01-01-2020,AMZN,1498.06,1203.4,534.35,880.13,698707,669.05,-617.93
01-01-2020,TSLA,629.24,1494.27,238.66,980.44,1251,1255.61,351.2
01-01-2020,TSLA,111.35,933.77,737.91,508.7,228311,195.86,397.35
01-01-2020,AAPL,112.95,1200.22,698.61,402.02,675687,501.61,289.07
01-01-2020,GOOGL,744.79,1176.69,202.4,1103.41,625597,974.29,358.62
02-01-2020,MSFT,1061.7,1113.71,191.15,960.02,610521,922.56,-101.68
02-01-2020,MSFT,333.99,1188.61,844.35,770.99,297360,344.26,437
02-01-2020,MSFT,378.36,810.55,483.92,608.74,596823,326.63,230.38
02-01-2020,AAPL,320.33,895.71,104.11,131.73,272105,791.6,-188.6
02-01-2020,MSFT,1155.51,813.65,200.02,954.43,685460,613.63,-201.08
02-01-2020,AAPL,470.17,1365.75,1240.85,106.08,232349,124.9,-364.09
02-01-2020,TSLA,838.67,358.67,104.58,137.18,404661,254.09,-701.49
02-01-2020,GOOGL,824.45,1053.91,567.04,600.84,52421,486.87,-223.61
02-01-2020,AMZN,1394.1,1394.5,1023.3,273.91,244217,371.2,-1120.19
02-01-2020,AMZN,916.2,1326.97,428.46,1302.98,825589,898.51,386.78
02-01-2020,AAPL,1281.89,720.56,694.27,1142.81,720460,26.29,-139.08
02-01-2020,MSFT,705.35,616.64,355.45,274.94,862914,261.19,-430.41
02-01-2020,GOOGL,1260.13,1037.72,130.15,136,684222,907.57,-1124.13
02-01-2020,GOOGL,1252.04,1413.66,305.84,922.12,701358,1107.82,-329.92
02-01-2020,TSLA,1081.6,558.47,400.79,710.8,5617,157.68,-370.8
02-01-2020,AMZN,516.49,737.26,387.36,547.19,649312,349.9,30.7
02-01-2020,AMZN,101.27,1094.15,914.68,901.52,658712,179.47,800.25
02-01-2020,GOOGL,1101.33,1338.76,545.92,1032.57,344465,792.84,-68.76
02-01-2020,TSLA,339.66,819.47,636.41,1216.53,121266,183.06,876.87
02-01-2020,MSFT,246.28,913.55,716.24,951.07,974395,197.31,704.79
02-01-2020,GOOGL,162.4,703.04,560.85,1252.39,679299,142.19,1089.99
02-01-2020,AMZN,1458.8,1399.4,1394.11,1311.43,206019,5.29,-147.37
02-01-2020,MSFT,552.47,368.94,156.97,859.72,770178,211.97,307.25
02-01-2020,MSFT,546.18,472.52,120.87,1057.1,445000,351.65,510.92
02-01-2020,AAPL,976.74,972.56,926.9,1401.44,9802,45.66,424.7
02-01-2020,GOOGL,304.92,716.05,489.07,828.15,212283,226.98,523.23
02-01-2020,AMZN,364.5,649.42,463.18,1003.64,303469,186.24,639.14
02-01-2020,AMZN,127.56,1182.11,257.71,442.25,550296,924.4,314.69
02-01-2020,MSFT,1129.9,1102.81,755.56,162.47,793962,347.25,-967.43
02-01-2020,AAPL,781.82,955.3,336.58,970.76,102741,618.72,188.94
02-01-2020,AMZN,1238.46,1293.5,158,688.22,315401,1135.5,-550.24
02-01-2020,GOOGL,1396.1,1339.08,311.03,1191.66,556451,1028.05,-204.44
02-01-2020,MSFT,604.2,667.49,308.17,1188.91,553570,359.32,584.71
02-01-2020,GOOGL,751.05,237.33,134.46,372.46,702693,102.87,-378.59
02-01-2020,GOOGL,1065.85,1465.69,1209.93,920.11,759910,255.76,-145.74
02-01-2020,TSLA,1337.6,293.91,102.88,726.39,332601,191.03,-611.21
02-01-2020,TSLA,491.91,509.37,446.08,1020.83,494898,63.29,528.92
02-01-2020,AMZN,248.34,1313.32,1108.26,1432.38,590158,205.06,1184.04
02-01-2020,TSLA,257.14,575.22,445.15,1188.35,908515,130.07,931.21
02-01-2020,AAPL,959.86,1003.97,865.98,178.22,620258,137.99,-781.64
02-01-2020,MSFT,1226.05,1495.24,1050.4,163.03,202966,444.84,-1063.02
02-01-2020,MSFT,1358.95,425.25,174.27,321.05,35850,250.98,-1037.9
02-01-2020,GOOGL,973.25,491.4,184.03,1466.13,681713,307.37,492.88
02-01-2020,GOOGL,107.88,1460.59,1197.84,658.13,647759,262.75,550.25
02-01-2020,AMZN,801.89,1405.29,1283.44,1426.96,275093,121.85,625.07
02-01-2020,AAPL,160.76,1474.13,1120.34,422.58,773805,353.79,261.82
02-01-2020,MSFT,587.87,1240.58,911.43,736.85,764602,329.15,148.98
02-01-2020,AAPL,1005.9,664.88,377.19,872.47,434352,287.69,-133.43
02-01-2020,TSLA,793.44,1347.06,501.55,392.48,638555,845.51,-400.96
02-01-2020,MSFT,698.77,1380.38,574.96,1154.03,725463,805.42,455.26
02-01-2020,GOOGL,400.63,1019.15,336.73,1379.87,379956,682.42,979.24
02-01-2020,MSFT,1130.42,708.91,303.74,983.38,875475,405.17,-147.04
02-01-2020,MSFT,879.58,984.1,773.39,946.65,773469,210.71,67.07
02-01-2020,AMZN,223.93,1226.01,764.85,1023.07,191595,461.16,799.14
02-01-2020,TSLA,952.6,1345.07,1288.14,1194.61,854702,56.93,242.01
02-01-2020,TSLA,324.43,1106.98,983.6,169.86,659826,123.38,-154.57
02-01-2020,AMZN,845.23,477,120.28,306.09,624519,356.72,-539.14
02-01-2020,MSFT,206.22,1499.02,1332.51,1033.81,234720,166.51,827.59
02-01-2020,TSLA,973.28,1053.62,905.24,1153.15,816024,148.38,179.87
02-01-2020,MSFT,757.21,1283.35,817.84,613.75,810880,465.51,-143.46
02-01-2020,AMZN,653.68,1031.75,935.57,1390.42,790131,96.18,736.74
02-01-2020,GOOGL,551.27,1353.2,911.14,1245.63,17251,442.06,694.36
02-01-2020,TSLA,954.55,1059.47,1022.79,1063.53,243608,36.68,108.98
02-01-2020,AAPL,204.64,1133.13,395.57,1435.51,278777,737.56,1230.87
02-01-2020,AMZN,744.96,1137.73,753.55,134.7,72936,384.18,-610.26
02-01-2020,AAPL,209.58,1206.69,1032.43,1293.02,928076,174.26,1083.44
02-01-2020,TSLA,608.39,581.66,526.05,1475.94,199963,55.61,867.55
02-01-2020,TSLA,1282.59,1324.41,1000.79,264.54,406346,323.62,-1018.05
02-01-2020,MSFT,1184.27,1151.72,536.98,986.81,609987,614.74,-197.46
02-01-2020,TSLA,361.43,1396.59,552.61,224.54,839122,843.98,-136.89
02-01-2020,AMZN,584.33,900.39,678.15,149.09,927334,222.24,-435.24
02-01-2020,AMZN,567.79,1498.36,502.36,613.89,218794,996,46.1
02-01-2020,AAPL,303.88,954.67,400.47,1289.03,739654,554.2,985.15
02-01-2020,AMZN,758.35,1339.84,306.41,266.07,483311,1033.43,-492.28
02-01-2020,AAPL,261.95,935.73,415.81,1449.45,81988,519.92,1187.5
02-01-2020,AMZN,1126.71,1331.71,275.04,465.57,146423,1056.67,-661.14
02-01-2020,TSLA,1003.39,1404.21,736.41,1464.97,549464,667.8,461.58
02-01-2020,TSLA,921.55,573.19,240.65,1106.48,779150,332.54,184.93
02-01-2020,AAPL,576.38,1348.76,260.93,1353.77,70108,1087.83,777.39
02-01-2020,AAPL,1347.39,1114.11,610.05,495.9,675639,504.06,-851.49
02-01-2020,MSFT,1254.61,927.54,237.38,376.28,470489,690.16,-878.33
02-01-2020,AAPL,663.02,774.65,638.85,1143.71,721319,135.8,480.69
02-01-2020,AMZN,186.11,1284.69,896.52,1388.68,189923,388.17,1202.57
02-01-2020,AMZN,632.21,1185.2,759.43,1087.41,977155,425.77,455.2
02-01-2020,GOOGL,171.2,587.32,191.05,132.48,102237,396.27,-38.72
02-01-2020,GOOGL,866.66,786.13,642.36,359.02,72892,143.77,-507.64
02-01-2020,AAPL,302.32,1151.5,931.43,425.11,443361,220.07,122.79
02-01-2020,AAPL,287.52,821.41,249.29,183.65,941616,572.12,-103.87
02-01-2020,AAPL,352.92,1266.52,520.48,829.48,618243,746.04,476.56
02-01-2020,TSLA,669.19,1364.94,527.63,1101.14,509569,837.31,431.95
02-01-2020,AMZN,597.87,900.79,642.1,879.23,302243,258.69,281.36
02-01-2020,GOOGL,814.3,1152.86,218.15,1282.67,964546,934.71,468.37
02-01-2020,GOOGL,625.7,762.91,588.13,1055.77,525261,174.78,430.07
02-01-2020,AMZN,796.86,1497.06,281.1,1356.69,705024,1215.96,559.83
02-01-2020,AAPL,580.36,703.39,302.13,1284.56,330017,401.26,704.2
02-01-2020,TSLA,657.9,1070.76,302.89,1351.12,677141,767.87,693.22
02-01-2020,AAPL,339.32,864.41,597.95,1193.35,567640,266.46,854.03
02-01-2020,AAPL,161.47,1080.43,204.11,288.36,134219,876.32,126.89
02-01-2020,AAPL,1015.18,1497.55,1299.44,528.16,199019,198.11,-487.02
02-01-2020,AMZN,1239.36,1354.91,678.11,688.09,89509,676.8,-551.27
02-01-2020,AMZN,387.52,1065.18,998.73,1441.91,949693,66.45,1054.39
02-01-2020,GOOGL,1475.76,1144.12,585.37,1145.76,37819,558.75,-330
02-01-2020,MSFT,1063.06,948.19,477.61,442.97,770789,470.58,-620.09
02-01-2020,AMZN,1111.24,1215.79,604.22,959.11,266611,611.57,-152.13
02-01-2020,GOOGL,366.64,1217.75,856.44,430.82,160896,361.31,64.18
02-01-2020,MSFT,719.02,1185.58,668.38,1012.85,305276,517.2,293.83
02-01-2020,AMZN,645.52,498.39,202.38,471.33,861385,296.01,-174.19
02-01-2020,AMZN,1138.24,1233.22,901.09,1287.21,505645,332.13,148.97
02-01-2020,GOOGL,166.62,1060.73,492.94,264.17,978096,567.79,97.55
02-01-2020,TSLA,248.01,1375.64,1182,1398.57,52968,193.64,1150.56
02-01-2020,MSFT,712.89,667.74,502.48,704.91,200690,165.26,-7.98
02-01-2020,AAPL,777.03,442.01,359.26,1127.68,93106,82.75,350.65
02-01-2020,MSFT,550.33,843.06,675.43,509.27,48308,167.63,-41.06
02-01-2020,GOOGL,626.94,1065.27,448.93,741.51,744739,616.34,114.57
02-01-2020,MSFT,1041.17,1432.17,538.44,1051.82,955971,893.73,10.65
02-01-2020,MSFT,1195.35,257.08,182.91,743.17,921889,74.17,-452.18
02-01-2020,TSLA,843.05,1266.95,460.87,932.05,433613,806.08,89
02-01-2020,TSLA,925.77,917.63,786.44,934.09,392093,131.19,8.32
02-01-2020,TSLA,449.01,1067.65,698.79,914.59,144771,368.86,465.58
02-01-2020,GOOGL,414.84,439.65,165.51,200.37,536100,274.14,-214.47
02-01-2020,TSLA,827.23,848.83,804.95,787.58,964009,43.88,-39.65
02-01-2020,AMZN,887.76,1058.54,192.28,358.19,868192,866.26,-529.57
02-01-2020,AMZN,373.8,1308.24,1154.25,363.88,666537,153.99,-9.92
02-01-2020,AMZN,998.35,1317.24,630.11,1085.4,229751,687.13,87.05
02-01-2020,AMZN,884.34,1462.1,256.84,1434.63,536271,1205.26,550.29
02-01-2020,MSFT,527.62,941.54,497.99,447.04,85227,443.55,-80.58
02-01-2020,AAPL,1142.45,980.88,469.24,1408.02,50686,511.64,265.57
02-01-2020,GOOGL,1195.71,1293.01,603.49,363.31,318271,689.52,-832.4
02-01-2020,AMZN,737.45,1315.08,1191.76,1263.52,525041,123.32,526.07
02-01-2020,GOOGL,643.13,1029.91,465.3,417.02,25977,564.61,-226.11
02-01-2020,MSFT,911.95,699.55,580.59,985.11,1895,118.96,73.16
02-01-2020,MSFT,1427.27,1074.25,378.35,728.95,826571,695.9,-698.32
02-01-2020,GOOGL,196.25,852.15,809.91,1207.32,465829,42.24,1011.07
02-01-2020,AMZN,560.49,1434.98,839.27,1456.07,423258,595.71,895.58
02-01-2020,MSFT,811.64,1282.74,272.82,169.82,480032,1009.92,-641.82
02-01-2020,TSLA,133.57,464.76,452.49,188.11,52911,12.27,54.54
02-01-2020,GOOGL,538.24,963.04,888.01,1081.92,117927,75.03,543.68
02-01-2020,TSLA,1247.82,1392.54,916.46,1342.55,911291,476.08,94.73
02-01-2020,MSFT,730.82,804.24,207.8,785.74,764431,596.44,54.92
02-01-2020,GOOGL,636.34,1269.82,814.73,813.23,671949,455.09,176.89
02-01-2020,AAPL,697.67,1105.77,464.7,468.55,512971,641.07,-229.12
02-01-2020,AAPL,1140.9,1061.92,514.63,270.24,45200,547.29,-870.66
02-01-2020,AAPL,1193.03,1058.82,692.44,1175.1,298307,366.38,-17.93
02-01-2020,AMZN,584.55,1468.99,775.25,1318.05,720529,693.74,733.5
02-01-2020,AAPL,876.87,874.43,305.75,786.94,692289,568.68,-89.93
02-01-2020,TSLA,480.61,1254.27,292.22,362.38,785385,962.05,-118.23
02-01-2020,GOOGL,337.59,1382.75,941.64,832.56,530670,441.11,494.97
02-01-2020,AAPL,1178.12,855.02,335.99,100.91,963395,519.03,-1077.21
02-01-2020,AAPL,747.26,489.14,281.1,1082.86,27089,208.04,335.6
02-01-2020,AMZN,1130.31,711.28,168.49,337.62,363781,542.79,-792.69
02-01-2020,AAPL,386.28,174.3,122.4,399.26,630960,51.9,12.98
02-01-2020,AMZN,360.63,1174.75,166.7,263.84,489739,1008.05,-96.79
02-01-2020,AMZN,275.93,1032.3,869.77,609.81,901979,162.53,333.88
02-01-2020,MSFT,1147.43,754.91,579.24,1314,454966,175.67,166.57
02-01-2020,TSLA,757.52,796.38,582.12,1452.53,148021,214.26,695.01
02-01-2020,TSLA,1196.11,711.83,287.99,1151.61,262530,423.84,-44.5
02-01-2020,AAPL,1060.91,839.92,241.85,203.64,327665,598.07,-857.27
02-01-2020,AAPL,125.7,1068.66,754.38,934.44,821463,314.28,808.74
02-01-2020,AMZN,536.49,1095.69,1033.9,854.69,64253,61.79,318.2
02-01-2020,GOOGL,471.52,1345.44,1295.03,1213.8,800556,50.41,742.28
02-01-2020,AAPL,1209.44,1358.12,644.44,1324.55,735130,713.68,115.11
02-01-2020,TSLA,529.51,1092.79,342.55,760.37,722368,750.24,230.86
02-01-2020,AMZN,150.45,1459.39,1245,610.68,32191,214.39,460.23
02-01-2020,GOOGL,1405.89,990.03,399.25,585.44,336712,590.78,-820.45
02-01-2020,TSLA,583.25,1448.97,1400.53,933.2,451297,48.44,349.95
02-01-2020,AAPL,249.07,321.44,132.03,842.84,601759,189.41,593.77
02-01-2020,TSLA,410.31,1476.89,1184.64,301.52,504191,292.25,-108.79
02-01-2020,MSFT,477.29,684.65,657.89,460.13,643446,26.76,-17.16
02-01-2020,AAPL,1488.34,830.16,418.57,1028.56,60051,411.59,-459.78
02-01-2020,AAPL,376.37,1008.32,470.08,727.76,619064,538.24,351.39
02-01-2020,MSFT,905.73,541.25,172.01,355.64,726718,369.24,-550.09
02-01-2020,GOOGL,305.66,1465.16,738.44,536.64,446379,726.72,230.98
02-01-2020,AMZN,1459.2,1355.75,1044.79,176.79,651334,310.96,-1282.41
02-01-2020,AAPL,1480.44,1166.75,1151.36,275.37,977297,15.39,-1205.07
02-01-2020,GOOGL,352.59,611.47,360.3,1002.39,439458,251.17,649.8
02-01-2020,TSLA,1172.44,1331.75,253.53,312.35,926055,1078.22,-860.09
02-01-2020,AAPL,574.32,1397.72,204.79,1016.71,60850,1192.93,442.39
02-01-2020,GOOGL,689.93,1483.9,797.2,649.52,354033,686.7,-40.41
02-01-2020,AMZN,1211.37,1094.03,961.91,893.23,410322,132.12,-318.14
02-01-2020,TSLA,852.53,645.34,563.1,314.63,59676,82.24,-537.9
02-01-2020,GOOGL,961.56,971.76,408.13,1301.88,284978,563.63,340.32
02-01-2020,TSLA,1073.9,485.48,274.03,766.09,119854,211.45,-307.81
02-01-2020,TSLA,859.3,873.79,172.25,976.05,207996,701.54,116.75
02-01-2020,TSLA,1175.76,909.83,549.7,459.24,590675,360.13,-716.52
02-01-2020,GOOGL,802.98,1350.68,1122.46,220.83,490099,228.22,-582.15
02-01-2020,MSFT,128.02,956,748,977.8,239948,208,849.78
02-01-2020,GOOGL,824.36,815.3,523.8,574.04,238086,291.5,-250.32
02-01-2020,AAPL,902.41,1231.66,1216.41,379.88,276152,15.25,-522.53
02-01-2020,AAPL,680.63,1307.21,1035.41,1298.42,165935,271.8,617.79
02-01-2020,AAPL,1198.84,1425.11,1139.38,1064.61,600679,285.73,-134.23
02-01-2020,MSFT,283.18,780.69,115.75,1479.68,519904,664.94,1196.5
02-01-2020,TSLA,1046.14,935.97,466,465.4,66341,469.97,-580.74
02-01-2020,GOOGL,847.03,788.07,355.44,775.75,66007,432.63,-71.28
02-01-2020,AAPL,1259.58,1494.05,401.22,1449.34,190602,1092.83,189.76
02-01-2020,AAPL,452.59,1356.03,1304.47,1141.24,567846,51.56,688.65
02-01-2020,TSLA,1439.95,857.5,594.94,1311.23,852177,262.56,-128.72
02-01-2020,TSLA,934.44,1185.69,358.11,1374.28,629649,827.58,439.84
02-01-2020,TSLA,744.54,1402.46,635.22,996.04,416063,767.24,251.5
02-01-2020,MSFT,594.21,1227.82,433.11,227.51,422116,794.71,-366.7
02-01-2020,TSLA,1049.92,1413.79,491.92,514.25,750824,921.87,-535.67
02-01-2020,AMZN,377.77,814.57,438.97,781.75,446257,375.6,403.98
02-01-2020,MSFT,791.58,754.37,125.13,130.77,305633,629.24,-660.81
02-01-2020,GOOGL,1208.3,1041.41,585.22,1369.68,385753,456.19,161.38
02-01-2020,TSLA,851.27,554.71,488.8,139.91,139528,65.91,-711.36
02-01-2020,AAPL,1179.59,1404.86,1080.64,1491.03,341587,324.22,311.44
02-01-2020,MSFT,1025.77,1049.94,676.45,535.95,474636,373.49,-489.82
02-01-2020,TSLA,673.08,1257.29,542.84,1327.47,455523,714.45,654.39
02-01-2020,AAPL,327.59,861.31,467.92,1028.38,299488,393.39,700.79
02-01-2020,AAPL,1493.72,1459.95,657.56,437.53,797170,802.39,-1056.19
02-01-2020,AMZN,1346.03,815.24,404.47,1431.52,930729,410.77,85.49
02-01-2020,GOOGL,442.93,642.95,523.33,185.32,66880,119.62,-257.61
02-01-2020,MSFT,1235.42,1343.97,1173.92,1350.35,889963,170.05,114.93
02-01-2020,AMZN,1302.58,1487.01,1053.4,772.05,562868,433.61,-530.53
02-01-2020,TSLA,1488.23,896.02,739.94,940.12,895546,156.08,-548.11
02-01-2020,AAPL,511.66,1184.55,810.86,1012.37,431156,373.69,500.71
02-01-2020,AAPL,1094.34,1302.65,473.99,199.3,965534,828.66,-895.04
02-01-2020,AAPL,261.56,1081.37,204.04,124.83,338035,877.33,-136.73
02-01-2020,AMZN,614.72,199.38,180.24,632.44,153484,19.14,17.72
02-01-2020,MSFT,805.28,528.39,468.24,430.83,492158,60.15,-374.45
02-01-2020,MSFT,1004.33,649.3,613.91,1126.3,952862,35.39,121.97
02-01-2020,AAPL,903.55,841.81,416.15,489.96,185791,425.66,-413.59
02-01-2020,MSFT,1308.24,482.65,466.31,385.35,209899,16.34,-922.89
02-01-2020,TSLA,773.94,1214.45,194.69,1264.36,593913,1019.76,490.42
02-01-2020,GOOGL,884.76,1279.54,201.11,676.62,414951,1078.43,-208.14
02-01-2020,AMZN,564.9,1436.66,1084.84,1211.19,438282,351.82,646.29
02-01-2020,TSLA,316.92,1102.59,640.47,989.81,655234,462.12,672.89
02-01-2020,TSLA,1288.65,1127.1,557.45,718.42,523794,569.65,-570.23
02-01-2020,GOOGL,830.24,1406.99,277.13,449.85,800309,1129.86,-380.39
02-01-2020,AMZN,1228.42,1492.39,425.79,352.6,518982,1066.6,-875.82
02-01-2020,TSLA,698.95,605.53,121.37,1226.91,881447,484.16,527.96
02-01-2020,AMZN,1375.12,1015.48,458.27,360.41,121883,557.21,-1014.71
02-01-2020,MSFT,344.42,968.48,246.13,663.33,48632,722.35,318.91
02-01-2020,AMZN,1108.93,790.82,597.83,1299.12,415544,192.99,190.19
02-01-2020,AAPL,876.73,188.17,111.75,1407.54,446228,76.42,530.81
